1,既成事実
	;,bit01:告白成功
	;,bit02:うふふ
	;,备注：弃用之，告白成功附加素质“恋人”，接吻和性行为另起CFLAG记录
2,好感度
3,异常经验
	;,bit00=公開オナニー
	;,bit01=处女騎上位
	;,bit02=四重绝顶
	;,bit03=处女振动棒
	;,bit04=助手の处女を奪う
	;,bit05=拡張
	;,bit06=野外放尿
	;,bit07=排泄
	;,bit08=電極
	;,bit09=二穴插入
	;,bit10=处女に逆强奸
4,妊娠フラグ
5,キャラの通し番号
6,亲密程度
	;,1:ソフトカウンター＆セクハラ解禁
	;,2:うふふ解禁
	;,3:押し倒し解禁
7,服装パターン
8,服装パターンオプション
10,MASTERの弱味
	;,bit01
	;,bit02
11,お仕置きモード
15,跳蛋挿入
16,跳蛋A挿入
17,精液残留中
18,
19,淫纹
20,性欲
21,屈服度
22,長期滞在最大日数
23,NTR_CNT行为
24,射精者V
25,覗き発覚回数
26,覗き発覚時行為
27,跳蛋挿入者
28,处女喪失中
29,持帰分岐
30,同席目撃回数
31,同席目撃時行為
32,
33,射精者M
34,射精者A
35,脅迫度
36,村人
37,村人のセクハラ
38,下着剥ぎ取り
39,淫纹押下回数,;あなたが淫纹を押した回数。キャラ別ではない。
40,淫纹上書回数,;住人が淫纹を上書きされた回数。
41,あなた射精フラグ,;あなたが住人の身体に射精した記録。毎日クリアされる。
42,汚れ発覚,;精液汚れをあなたに見つかったフラグ
43,汚れ継続時間,;精液汚れを獲得してからの時間。跳蛋挿入と同様のタイマ処理
44,伤心相手1,;伤心を初めて獲得した時の相手
45,伤心相手2,;伤心を最近獲得した時の相手
46,
47,訪問者行為,;「FLAG:訪問者の行為」のキャラ別保存。覗き時に使用。
48,持帰時处女,;お持ち帰り時の处女フラグ
49,持帰Ｖ射精回数,;お持ち帰りでＶ射精された回数
50,持帰Ａ射精回数,;お持ち帰りでＡ射精された回数
51,精液料理
	;,bit00=吃过精液料理
	;,bit01=吃过主人公给的精液料理
	;,bit02=吃过访问者给的精液料理
	;,bit03=今天吃过主人公给的精液料理了
	;,bit04=今天吃过访问者给的精液料理了
56,穿刺
57,淫纹身体改造
58,浮気证据有效
59,再教育フラグ
60,苦痛刻印主人,;苦痛刻印を付けられた相手、より高レベルの刻印で奪える
61,快乐刻印主人,;快乐刻印を付けられた相手、より高レベルの刻印で奪える
62,屈服刻印主人,;屈服刻印を付けられた相手、より高レベルの刻印で奪える
63,反発刻印主人,;反発刻印を付けられた相手、より高レベルの刻印で奪える
64,当前長期滞在日数,
65,访问者之妻归来时间
70,にんっしんっ
72,出産日
73,父親
74,母親
75,成長度
77,胸部尺寸保存
78,泌乳体质獲得

80,誕生日
81,避孕药使用
85,子供の人数
86,父親の子番号
87,母親の子番号
88,里子人数
100,访问者宅行为终止时刻
101,访问者宅气氛

151,和主角已接吻
152,和主角已做爱
153,和访问者已接吻
154,和访问者已做爱

195,眼罩
197,膣塞
198,肛塞
199,口塞
;服装記憶用
200,服装_衣服着用,;
201,服装_配件,;
202,服装_帽子,;
203,服装_鞋子,;
204,服装_袜子,;
205,服装_下半身下着１,;ずらし不可
206,服装_下半身下着２,;ずらし可能
207,服装_下半身上着１,;ずらし不可
208,服装_下半身上着２,;ずらし可能
209,服装_裙子,;
210,服装_上半身下着１,;はだけ不可
211,服装_上半身下着２,;はだけ可能
212,服装_上半身上着１,;はだけ不可
213,服装_上半身上着２,;はだけ可能
214,服装_赛车服,;
215,服装_连衣裙,;
216,服装_着物,;
217,服装_紧身衣,;
218,服装_手,;
219,服装_未使用３,;
;私服記憶用
220,私服_衣服着用,;
221,私服_配件,;
222,私服_帽子,;
223,私服_鞋子,;
224,私服_袜子,;
225,私服_下半身下着１,;ずらし不可
226,私服_下半身下着２,;ずらし可能
227,私服_下半身上着１,;ずらし不可
228,私服_下半身上着２,;ずらし可能
229,私服_裙子,;
230,私服_上半身下着１,;はだけ不可
231,私服_上半身下着２,;はだけ可能
232,私服_上半身上着１,;はだけ不可
233,私服_上半身上着２,;はだけ可能
234,私服_赛车服,;
235,私服_连衣裙,;
236,私服_着物,;
237,私服_紧身衣,;
238,私服_手,;
239,私服_未使用３,;
;服所持フラグ(bit) そのうち使います。
;服とビットの対応表はまだありません。
240,所持_衣服着用,;
241,所持_配件,;
242,所持_帽子,;
243,所持_鞋子,;
244,所持_袜子,;
245,所持_下半身下着１,;
246,所持_下半身下着２,;
247,所持_下半身上着１,;
248,所持_下半身上着２,;
249,所持_裙子,;
250,所持_上半身下着１,;
251,所持_上半身下着２,;
252,所持_上半身上着１,;
253,所持_上半身上着２,;
254,所持_赛车服,;
255,所持_连衣裙,;
256,所持_着物,;
257,所持_紧身衣,;
258,所持_手,;
259,所持_未使用３,;

280,膣内射精フラグ
281,膣内射精者
282,A射精フラグ
283,A内射精者
284,勃起度
285,勃起度２
286,勃起条件_キャラ
287,勃起条件_プレイ

297,口上パターン
298,行動パターン
299,現在位置詳細
300,現在位置
301,前ターン位置
310,館内地位
311,開始位置
312,通常起床時間
313,睡眠
314,起床時間
315,睡觉時間
316,衰弱
317,うふふ
;,0:非うふふ
;,1:うふふ
;,2:押し倒され状態(基本的にあなた用)
;,3:自慰
318,怒意
319,同室
320,同行
321,幽閉
322,不機嫌
323,風呂
324,情事目撃

326,自慰中
327,前回绝顶经验数
328,自慰行動保存
329,桃霧性欲フラグ

330,
331,NTRハーレム行為種別
332,NTR訪問者との行為の終了時刻
333,NTR訪問者との行為
334,与玩家最后做爱的时间
335,与访问者最后做爱的时间
336,
337,
340,
341,
342,
343,NTR訪問者からのプレゼント
344,NTR訪問者宅監禁状況
345,
346,
347,
348,
349,NTR处女喪失,;0=なし,997=村人相手,998=訪問者相手,999=客相手 現在は998のみ設定/参照 浮気についての会话でフラグをクリア

350,子宫内体积
351,卵子生存日数
352,生理周期
353,出産数
354,多生児兄弟フラグ

356,子供訪問フラグ,;( 1以上=訪問確率が発生するまでの残り日数 -1以下=館に留まる残り日数)

359,NTR陥落イベントフラグ
360,寝間着
	;有无睡衣
361,寝間着着用
	;是否正穿着睡衣
362,起床時間外
363,起床後寝間着時間

370,暑さ耐性
371,寒さ耐性

374,催眠中
375,催眠行為持續時間
376,催眠深度
377,催眠气氛
378,本日催眠次數
379,前回催眠行為

380,睡眠深度
381,
382,覚醒
383,挿入
385,収集品死守戦フラグ

387,满足度上昇
388,ぱんつ確認

397,已知的乳头大小
398,已知的Ｖ松弛度
399,已知的Ａ松弛度
;400,Ｖ締り具合
;401,Ａ締り具合
402,Ｖ位置
403,Ｖオプション１
404,Ｖオプション２

406,Ｐ大きさ
407,Ｐオプション１
408,Ｐオプション２

409,子供Ｐ大きさ保管

410,従者イベント１
411,従者イベント２
412,従者イベント３
495,已知的肌肤颜色
496,已知的乳头颜色
497,已知的小穴颜色
498,已知的肛门颜色
499,乳头颜色
500,髪の長さ
501,髪の長さ指定
502,髪オプション１
503,髪オプション２
504,髪原色
505,髪色
506,目色右
507,目色左
508,目つき
509,瞳オプション１
510,瞳オプション２
511,肌原色
512,肌色
513,小穴颜色
514,肛门颜色

515,体オプション１
516,体オプション２
517,体オプション３
518,体オプション４
519,体オプション４

600,住人同士イベント相手
601,住人同士イベント内容
602,住人同士イベント終了時間
603,住人同士イベントシチュエーション
;TAで記録するため以下不要
;604,美鈴への好感度
;605,小恶魔への好感度
;606,パチュリーへの好感度
;607,咲夜への好感度
;608,蕾米莉亚への好感度
;609,フランへの好感度
;610,子悪魔への好感度
;611,チルノへの好感度
;612,大妖精への好感度
620,住人同士イベント地位
621,住人同士イベント立場
622,体を許す好感度
623,行為の上限

;衣装効果用の能力保存スロット
650,能力保存１
651,能力保存２
652,能力保存３
653,能力保存４
654,能力保存５
660,コスプレ着用
661,サンタ



;800～849,部屋のにおいパッチ





910,離席前の位置
911,移动目的

1200,
1201,V累积内射
1202,A累积内射
1203,M累积内射
1204,浮気V累积内射
1205,浮気A累积内射
1206,浮気M累积内射


1501,处女丧失年_V
1502,处女丧失月_V
1503,处女丧失日_V
1504,处女丧失年_A
1505,处女丧失月_A
1506,处女丧失日_A
1507,处女丧失年_M
1508,处女丧失月_M
1509,处女丧失日_M
1510,初吻丧失年
1511,初吻丧失月
1512,初吻丧失日

1515,初始无接吻经验

1520,处女丧失对象_V
1521,处女丧失对象_A
1522,处女丧失对象_M
1523,初吻对象

1600,阴道深度

;2000开始给口上用
;2000+体位编号是性行为第一次的口上（新增）
