;快感経験,
0,Ｃ经验
1,Ｖ经验
2,Ａ经验
3,Ｂ经验
4,Ｍ经验

5,Ｃ绝顶经验
6,Ｖ绝顶经验
7,Ａ绝顶经验
8,Ｂ绝顶经验
9,Ｍ绝顶经验

;绝顶经验,
10,绝顶经验
11,射精经验
12,喷乳经验
13,放尿经验
14,精液经验
15,精饮经验
16,排便经验

;行動経験,
20,Ｖ性交经验
21,Ａ性交经验
22,自慰经验
23,调教自慰经验
24,手淫经验
25,口淫经验
26,乳交经验
27,接吻经验
28,道具使用经验

;催眠経験,
31,催眠精液经验
32,催眠精饮经验
33,催眠Ｖ性交经验
34,催眠Ａ性交经验
35,催眠口淫经验
36,催眠乳交经验
37,催眠接吻经验
38,催眠搾乳经验

;精神経験,
40,侍奉快乐经验
41,爱情经验
42,苦痛快乐经验
43,嗜虐快乐经验
44,露出快乐经验

;调教经验,
50,调教经验
51,百合经验
52,搞基经验
53,异常经验
54,Ｖ扩张经验
55,Ａ扩张经验
56,紧缚经验
60,被强奸经验
61,被轮奸经验
62,被睡奸经验

;その他,
70,清扫经验
71,会话经验
72,摄影经验
73,照相经验
74,战斗经验
75,学习经验
76,料理经验
77,情色经验

;浮気経験,
80,浮気Ｃ经验
81,浮気Ｖ经验
82,浮気Ａ经验
83,浮気Ｂ经验
84,浮気Ｍ经验
85,浮気Ｃ绝顶经验
86,浮気Ｖ绝顶经验
87,浮気Ａ绝顶经验
88,浮気Ｂ绝顶经验
89,浮気Ｍ绝顶经验
90,浮気绝顶经验
91,浮気精液经验
92,浮気精饮经验
93,浮気Ｖ性交经验
94,浮気Ａ性交经验
95,浮気调教自慰经验
96,浮気手淫经验
97,浮気口淫经验
98,浮気乳交经验
99,浮気接吻经验
100,
101,
102,
103,
104,
105,
106,
107,
108,浮気侍奉快乐经验
109,浮気爱情经验
110,浮気苦痛快乐经验
111,浮気嗜虐快乐经验
112,浮気露出快乐经验
113,浮気调教经验
114,浮気异常经验
115,浮気Ｖ扩张经验
116,浮気Ａ扩张经验
117,浮気紧缚经验
118,浮気照相经验
119,浮気情色经验
120,浮気外泊经验
121,NTR陷落经验

123,卖春经验
124,买春经验
125,浮気人数
126,前回浮気人数
127,经验人数

;快感経験,已知的
150,已知的Ｃ经验
151,已知的Ｖ经验
152,已知的Ａ经验
153,已知的Ｂ经验
154,已知的Ｍ经验

155,已知的Ｃ绝顶经验
156,已知的Ｖ绝顶经验
157,已知的Ａ绝顶经验
158,已知的Ｂ绝顶经验
159,已知的Ｍ绝顶经验

;绝顶经验,已知的
160,已知的絶頂经验
161,已知的射精经验
162,已知的喷乳经验
163,已知的放尿经验
164,已知的精液经验
165,已知的精飲经验
166,已知的排便经验

;行動経験,已知的
170,已知的Ｖ性交经验
171,已知的Ａ性交经验
172,已知的自慰经验
173,已知的調教自慰经验
174,已知的手淫经验
175,已知的口淫经验
176,已知的乳交经验
177,已知的接吻经验
178,已知的道具使用经验

;催眠経験,已知的
181,已知的催眠精液经验
182,已知的催眠精飲经验
183,已知的催眠Ｖ性交经验
184,已知的催眠Ａ性交经验
185,已知的催眠口淫经验
186,已知的催眠乳交经验
187,已知的催眠接吻经验
188,已知的催眠搾乳经验

;精神経験,已知的
190,已知的侍奉快楽经验
191,已知的愛情经验
192,已知的苦痛快楽经验
193,已知的嗜虐快楽经验
194,已知的露出快楽经验

;调教经验,已知的
200,已知的調教经验
201,已知的百合经验
202,已知的GAY经验
203,已知的異常经验
204,已知的Ｖ扩张经验
205,已知的Ａ扩张经验
206,已知的紧缚经验
210,已知的被强奸经验
211,已知的被轮奸经验
212,已知的被睡奸经验

;その他,已知的
220,已知的清掃经验
221,已知的会话经验
222,已知的摄影经验
223,已知的照相经验
224,已知的战斗经验
225,已知的学习经验
226,已知的料理经验
227,已知的情色经验

;浮気経験,已知的
230,已知的浮気Ｃ经验
231,已知的浮気Ｖ经验
232,已知的浮気Ａ经验
233,已知的浮気Ｂ经验
234,已知的浮気Ｍ经验
235,已知的浮気Ｃ绝顶经验
236,已知的浮気Ｖ绝顶经验
237,已知的浮気Ａ绝顶经验
238,已知的浮気Ｂ绝顶经验
239,已知的浮気Ｍ绝顶经验
240,已知的浮気絶頂经验
241,已知的浮気精液经验
242,已知的浮気精飲经验
243,已知的浮気Ｖ性交经验
244,已知的浮気Ａ性交经验
245,已知的浮気調教自慰经验
246,已知的浮気手淫经验
247,已知的浮気口淫经验
248,已知的浮気乳交经验
249,已知的浮気接吻经验
250,
251,
252,
253,
254,
255,
256,
257,
258,
259,已知的浮気愛情经验
260,已知的浮気苦痛快楽经验
261,已知的浮気嗜虐快楽经验
262,已知的浮気露出快楽经验
263,已知的浮気調教经验
264,已知的浮気異常经验
265,已知的浮気Ｖ拡張经验
266,已知的浮気Ａ拡張经验
267,已知的浮気緊縛经验
268,已知的浮気照相经验
269,已知的浮気情色经验
270,已知的浮気外泊经验
271,已知的NTR陥落经验

275,已知的浮気人数
276,已知的前回浮気人数
277,已知的经验人数
