;era紅魔館protoNTR用素質定義
;性別系列
0,处女,;(1= 处女 2=再生处女）
1,童贞,;(0= 童贞 ビット0膣性交経験済み ビット1菊花性交経験済み)
2,性別,;(ビット0=女性器 1=男性器) -> 也就是1女 2男 3扶她
;陥落素質系列
3,NTR,;自分以外の誰かに寝取られてしまった状態。=2でもう自分のところには戻ってこない。
4,恋人,;NekoAdd
5,恋慕,;愛情に似た感情を抱いている状態。
6,淫乱,;色欲に乱れきった状態。=2で上位互換(娼婦)
7,服从,;
8,浮気癖,;浮気癖がついてしまうと、本命がいても容易に心が動いてしまう
9,崩坏,;精神に異常をきたした状態
;性格
10,胆量,
	;,-1=臆病,;ABL:顺从が上げやすい。PALAM:反感が上がりにくい 
	;, 1=気丈,;コマンドを実行しにくい。売却の際に顺从4以上必要
11,态度,
	;,-1=素直,;コマンドを実行しやすい。PALAM:恭顺が上がりやすい 
	;, 1=反抗的,;コマンドを実行しにくい。売却の際に顺从4以上必要。PALAM:恭顺と欲情が上がりにくい
12,应答,
	;,-1=大人しい,;PALAM:反感が上がりにくい 
	;, 1=生意気,;ABL:顺从と侍奉精神が上げにくい。
13,自尊心,
	;,-1=自尊心低い,;コマンドを実行しやすい。PALAM:屈服が上がりやすい 
	;, 1=自尊心高い,;コマンドを実行しにくい。PALAM:屈服が上がりにくい
14,傲娇,;コマンドが実行しにくいが、顺从Lv4以上で反転
15,人妻,;NTRと言えば
16,访问者之妻,;访问者的妻子

;性への関心
20,自制心,;売却の際に欲望4以上必要。屈服、快楽系PALAMが上がりにくく、反発が上がりやすい
21,漠不关心,;PALAM:恭顺、欲情、屈服、恐怖、反感が上がりにくい
22,缺乏感情,;PALAMが全体的に上がりにくい
23,性的兴趣,
	;,-1=保守的,;コマンドを実行しにくい。PALAM:习得が上がりにくい 
	;, 1=好奇心,;コマンドを実行しやすい。PALAM:习得が上がりやすい 
24,開朗／阴郁,
	;,-1=陰気,;PALAM:抑郁が上がりやすい 
	;, 1=陽気,;PALAM:抑郁が上がりにくい
25,难以越过的界线,;全てのABLが上げにくく、恭顺が上がりにくいが、陥落後は反転する。
26,表现欲,;コマンドを実行しやすい。PALAM:露出が上げやすい
27,无知,;没有性方面的知识

;乙女心
30,贞操,
	;,-1=贞操無頓着,;情爱系調教の効果が低い。PALAM:反感が上がりにくい 
	;, 1=贞操観念,情爱系調教の効果が低い。PALAM:反感が上がりやすい
31,自己爱,
	;,-1=抑圧,;コマンドを実行しにくい。PALAM:抑欝、反発が上がりやすく、欲情が上がりにくい。欲望Lv3以上で消滅 
	;, 1=解放,;ABL:抖Ｍ之气が上げやすい。PALAM:欲情と屈服が上がりやすい
32,抵抗,;コマンドを実行しにくい。PALAM:抑欝、反発が上がりやすく、恭顺が上がりにくい。顺从Lv3以上で消滅
33,羞耻心,
	;,-1=恥薄い,;露出系調教の効果が低い 
	;, 1=恥じらい,;コマンドを実行しにくい。露出系調教の効果が高い
34,弱味,;コマンドを実行しやすい

;体質
40,痛觉,
	;,-1=痛みに強い,;PALAM:苦痛と反感が上がりにくい 
	;, 1=痛みに弱い,PALAM:苦痛と反感が上がりやすい
41,濡湿度,
	;,-1=濡れにくい
	;, 1=濡れやすい

;技術
50,习得速度,; -1=习得遅い 1=习得早い
51,手指灵巧
52,舌头灵巧,;フェラ系調教の効果が高くなる
53,擅长用针,;针を用いるコマンドの効果が高くなる
54,猫舌,;フェラ系調教に制限が課され、効果が変化する
55,调和知识,;特殊なアイテムを購入できる。コマンド「媚药」の体力と气力の消費が少ない
56,药毒耐性,;媚药、利尿剂などの薬を使うコマンドが実行不可、コマンド以外のものは可能
57,漏尿癖,;放尿コマンドが常に使えるようになる。絶頂時に放尿。

;潔癖度
60,容易自慰,;自慰関連が実行しやすい。ABL:自慰中毒が上げやすい
61,污臭耐性,;-2=潔癖症 -1=汚臭敏感 1=汚臭鈍感 2=汚れ無視
62,献身的,;侍奉系調教を実行しやすい。ABL:侍奉精神が上げやすい。PALAM:屈服が上がりやすい

;正直度
70,快感应答
	;,-1=快感の否定,;コマンドを実行しにくい。PALAM:欲情が上がりにくい
	;,1=快感に素直,;コマンドを実行しやすい。ABL:欲望と侍奉精神が上げやすい。PALAM:欲情が上がりやすい

71,容易中毒,;中毒系のABLが上げやすい
72,立即陷落,;コマンドを実行しやすい。調教時にABLが上がる事がある
73,自慰狂,;Ｃ系コマンド及び自慰系コマンドの効果アップ
74,淫唇,;
75,淫乳,;Ｂ系コマンドの効果アップ
76,淫核,;
77,淫壶,;Ｖ系コマンドの効果アップ
78,淫肛,;Ａ系コマンドの効果アップ


;性愛性
80,倒错的,;SM系調教の効果が高い。受虐狂系、中毒系のABLが上がりやすい
81,性別嗜好
	;,-1=両刀,;レズ調教を実行しやすい。ABL:レズ、百合中毒が上げやすい
	;,1= 男嫌い
	;,2=女嫌い
	;,3=人間不信
82,施虐狂,;調教者の時にコマンドを実行しやすい。ABL:侍奉精神が上げにくい
83,受虐狂,;コマンドを実行しやすい。受虐狂系のABLがあがりやすい
84,嫉妬,;(現在では実装されていない)
85,妄信,;コマンドを実行しやすい。PALAM:屈服が上がりやすい
86,小恶魔,;調教者の時にコマンドを実行しやすい

;魅了
90,狐,;助手化の際に妖狐になる
91,妖狐,;調教者の時にPALAM:耻情が上がりやすい。助手時に「媚药」が手に入る事がある
92,魅力,;売却額・報酬増加
93,魅惑,;調教者の時にコマンドを実行しやすい。調教者の時にPALAMが全体的に上がりやすい
94,迷の魅力,;売却額・報酬増加、調教者の時にコマンドを実行しやすい。調教者の時にPALAMが全体的に上がりやすい
95,性的魅力

;身体特徴
100,体型,
	;,-3=小人,
	;,-2=幼児体型,
	;,-1=小柄体型,;PALAM:苦痛、恐怖が上がりやすい 
	;,1=長身,;未実装
	;,2=巨躯,;未実装
	;,3=巨人,;未実装
101,Ｃ感度,;-2:不感 / -1:鈍感 / +0:普通 / +1:敏感 / +2:過敏
102,Ｖ感度,;-2:不感 / -1:鈍感 / +0:普通 / +1:敏感 / +2:過敏
103,Ａ感度,;-2:不感 / -1:鈍感 / +0:普通 / +1:敏感 / +2:過敏
104,Ｂ感度,;-2:不感 / -1:鈍感 / +0:普通 / +1:敏感 / +2:過敏
105,Ｍ感度
106,胸部尺寸,;-2:絶壁     / -1:貧乳   / +0:並乳 / +1:巨乳   / +2:爆乳
107,阴茎尺寸,;-2:短小     / -1:小さめ / +0:普通 / +1:大きめ / +2:巨根
108,小穴穹隆后移,;
109,小穴扩张状态,;
110,肛门尺寸,;-2:キツキツ / -1:キツめ / +0:普通 / +1:緩め   / +2:緩々
111,乳首感度,;乳首 ( -2:不感 / -1:鈍感 / +0:普通 / +1:敏感 / +2:過敏 )
112,子宫感度,;ポルチオ ( -2:不感 / -1:鈍感 / +0:普通 / +1:敏感 / +2:過敏 )

;特殊
130,恢复速度,
	;,-1=回復遅い,;体力回復量が少なくなる
	;,1=回復早い,;体力回復量が多くなる

132,吸血鬼,;夜休息時体力回復量上昇、昼間は野外に出られない
133,日光浴,;昼休息時体力回復量上昇
134,月光浴,;夜休息時体力回復量上昇
135,治疗,;助手の時に体力回復量上昇
136,鼓舞,;助手の時にコマンドを実行しやすい。助手の時に調教終了後の自慰回数増加

138,不可思议的根,;助手化の際にふたなりになる

141,狂気,;売却額・報酬が低下する

143,動物耳,;売却額・報酬増加、一部調教にペナルティ
144,禁断的知识,;特殊なアイテムの購入やコマンドの実行ができる
145,人气,;売却額・報酬増加
146,具現,;助手化の際にふたなりになる

148,亲爱,;確かな愛情を抱いている状態
149,泌乳体质,;喷乳するようになる
150,幼儿／幼儿退行,;調教者の時に相手を泌乳体质にする。胸関連の調教の効果が高い
151,幼稚,;調教者の時に胸関連の調教の効果が高くなる
152,精力旺盛,;射精が早くなる、一日の最大射精可能数が増える
153,妊娠,;子供を身ごもってる
154,育儿中,;子供を育てている最中
155,母性,;子を産んだ母の愛。一部労役の報酬が上がる
156,危险日,;
157,精力无穷,;底無しの精力。あなただから人体には影響ない
158,访问者的血统,;受け継がれるその血筋。キャラ同士の交流で相手の屈服度を上げる

;NTR関連
159,浮気公認,;浮気を公認された状態。高いほど効果がある
160,浮気的蜜唇,;訪問者相手のキス、フェラの効果が高い
161,浮気的蜜壶,;訪問者相手の性交の効果が高い
162,浮気的菊花,;訪問者相手の肛門性交の効果が高い
163,被访问者抓到把柄


180,扫除系

190,伤心,;

196,女装,;性別オトコで女と見間違える格好をしている場合


;200,无名氏,;いわゆる汎用キャラ
;201,体力
;202,精神力

263,水棲,;雨で回復、夏場の日差しで消耗
264,氷精,;雪で回復、夏場の日差しで消耗
265,種族,;
266,半白澤,

289,妄想的産物
290,人类,;1=人类 2=仙人 3=天人 4=月人 5=魔界人 6=外界人
291,妖怪,;1=妖怪 2=鬼 3=吸血鬼 4=河童 5=天狗 6=妖獣 7=妖鳥 8=妖蟲 9=悪魔 10=小人 11=座敷童子 12=山童
292,妖精,;1=妖精
293,神霊,;1=神霊 2=死神 3=閻魔
294,幽霊,;1=幽霊 2=騒霊 3=亡霊 4=悪霊
295,付喪神,;1=付喪神
296,人形,;1=人形 2=机械 3=魔像 4=埴輪 5=僵尸 99=人形の乙女
297,追加種族,;1=巫女 2=魔法使 3=女僕 4=蓬莱人

717,催眠中毒,
718,專屬烙印,
719,部分洗腦
720,洗腦解除,