;0番台,０．爱抚系コマンド
0,爱抚
1,舔阴
2,调教者口交
3,手指插入
4,舔舐肛门
5,肛门爱抚
6,胸爱抚
7,玩弄乳首
8,掰开小穴
9,自慰
10,吮吸乳首
11,乳首侍奉

;20番台,１．コミュニケーション系コマンド
20,接吻
21,什麽也不做

;40番台,２．道具使用コマンド
40,跳蛋
41,E按摩棒
42,阴蒂夹
;43,飞机杯
44,振动棒
45,肛门振动棒
46,肛珠
47,乳头夹
48,搾乳机

60,正常位
61,后背位
62,肛交正常位
63,肛交后背位
64,逆强奸
65,骑乘位
66,肛交骑乘位
67,対面座位
68,背面座位
69,肛交对面座位
70,肛交背面座位
71,二穴插入
72,二穴插入侍奉

80,手淫
81,口交
82,乳交
83,素股
84,泡澡
85,足交

90,肛门爱抚侍奉
91,肛门舔舐侍奉
92,Ａ正常位侍奉
93,Ａ后背位侍奉
94,Ａ骑乘位侍奉
95,爱抚侍奉
96,舔阴侍奉
97,正常位侍奉
98,后背位侍奉
99,骑乘位侍奉

100,打屁股
101,鞭
102,蜡烛
103,针
104,眼罩
105,绳
106,口球

120,强制舔阴
121,阴部摩擦
;122,助手を犯させる
123,调教者足交

126,乳房相互摩擦

140,强迫口交
141,拳交
142,肛门拳交
143,两穴拳交
144,放尿
145,舔肛侍奉
146,灌肠
147,扩张气球
148,肛门电极
149, 膣镜

160,膣内观察

180,润滑剂
181,媚药
182,利尿剂
183,录像摄影
;184,野外PLAY
;185,助手を犯す
;186,羞耻PLAY
;187,浴场PLAY
188,淋浴
189,新妻PLAY

200,上半身上着脱衣
201,下半身上着脱衣
202,上半身下着脱衣
203,下半身下着脱衣

300,会话
301,泡一杯茶
302,身体接触
310,抚摸臀部
311,抱住
312,接吻
313,胸爱抚
314,肛门爱抚
315,阴蒂爱抚
316,手指插入

350,推到
351,连行/离开
352,告白
;353,許しを乞う
354,不打扰
355,任其摆布

360,任其摆布
361,挣扎
362,逃跑

400,移动
401,收藏
402,睡觉
403,休息
404,窥视
405,闻气味
410,扫除
411,战斗训练
412,学习
413,料理
414,吃饭
415,招待食物
416,自慰
417,击破

;420～429 妖精メイド関連
420,与女仆妖精对话
;421,妖精メイドを教育する
;422,妖精メイドを解雇する
;423,妖精メイドの能力表示
429,探寻妖精

430,换衣服
446,摄影

450,相机设置
451,相机撤去
452,影像确认

460,会话
461,逃跑
462,什麽也不做

464,与访问者同行
465,与访问者分开
466,随便转转
467,与访问者同寝

490,外出

;501,六九式
;502,岩清水
;503,G点刺激
;504,乱れ牡丹
;505,手淫口交
;506,插入Ｇ点刺激
;507,插入子宫口
;508,６９乳交
;509,双人口交
;510,双人素股
;511,双人乳交
;512,乳夹口交
;513,交互插入
;514,吮吸母乳
;515,授乳
600,爱抚
;601,舔阴
602,自我口交
603,手指插入
;604,舔舐肛门
605,肛门爱抚
606,胸爱抚
607,玩弄乳首
608,掰开小穴
609,手淫

640,跳蛋
641,按摩棒
642,阴蒂夹
643,飞机杯
644,振动棒
645,肛门振动棒
646,肛珠
647,乳头夹
648,搾乳机

