;------------------------------------------------------------
;	顔絵
;------------------------------------------------------------
;・ファイルネームはキャラIDに合わせる
;・デフォ設定 width180 height180
;サイズ変える場合は全てリサイズしないとズレます
;フォントの10倍以上で揃える
;縮小には耐えられますが拡大はやめたほうがいいかと
;
;・キャラ毎に1枚画像ファイルに収める
;服装違いをｙ軸、表情差分をｘ軸に増設
;・リソース定義規則
;立ち絵の種類(ファイル名違い)_服装(Yの段落振り)_表情(Xの段落振り)_キャラID
;種類	立ち絵、顔絵
;服装	服、裸
;表情	通常、笑顔、怒り
;
;リソース名,元ファイル名,x,y,width,height
;デフォルトネーム
;顔絵_服_通常_17,17_顔.png,0,0,180,180

;_裸
;ないキャラは服の座標で代用
;既に定義されているので、追加したら座標だけ変える
;顔絵_裸_通常_17,17_顔.png,0,180,180,180

;表情差分
;顔絵_服_笑顔_17,17_顔.png,180,0,180,180
;顔絵_服_怒り_17,17_顔.png,360,0,180,180
;顔絵_裸_笑顔_17,17_顔.png,180,180,180,180
;顔絵_裸_怒り_17,17_顔.png,360,180,180,180
;顔絵_照れ_17,17_顔.png,540,0,180,180
;_裸がないキャラ　追加したらリソース定義を書き換える
;63.影狼 71.針妙丸 73.赤蛮奇 93.わかさぎ姫 94.弁々 95.八橋 96.雷鼓 97.正邪
;106.菫子 107.清蘭 108.鈴瑚 109.ドレミー 110.サグメ 111.クラウンピース 112.純狐 113.ヘカーティア

;------------------------------------------------------------

;------------------------------------------------------------
;服_通常
;------------------------------------------------------------
顔絵_服_通常_1,1_顔.png,0,0,180,180
顔絵_服_通常_2,2_顔.png,0,0,180,180
顔絵_服_通常_3,3_顔.png,0,0,180,180
顔絵_服_通常_4,4_顔.png,0,0,180,180
顔絵_服_通常_5,5_顔.png,0,0,180,180
顔絵_服_通常_6,6_顔.png,0,0,180,180
;顔絵_服_通常_7,7_顔.png,0,0,180,180
顔絵_服_通常_8,8_顔.png,0,0,180,180
顔絵_服_通常_9,9_顔.png,0,0,180,180
顔絵_服_通常_10,10_顔.png,0,0,180,180
顔絵_服_通常_11,11_顔.png,0,0,180,180
顔絵_服_通常_12,12_顔.png,0,0,180,180
顔絵_服_通常_13,13_顔.png,0,0,180,180
顔絵_服_通常_28,28_顔.png,0,0,180,180
顔絵_服_通常_29,29_顔.png,0,0,180,180


;------------------------------------------------------------
;裸_通常
;------------------------------------------------------------
顔絵_裸_通常_1,1_顔.png,0,180,180,180
顔絵_裸_通常_2,2_顔.png,0,180,180,180
顔絵_裸_通常_3,3_顔.png,0,180,180,180
顔絵_裸_通常_4,4_顔.png,0,180,180,180
顔絵_裸_通常_5,5_顔.png,0,180,180,180
顔絵_裸_通常_6,6_顔.png,0,180,180,180
;顔絵_裸_通常_7,7_顔.png,0,180,180,180
顔絵_裸_通常_8,8_顔.png,0,180,180,180
顔絵_裸_通常_9,9_顔.png,0,180,180,180
顔絵_裸_通常_10,10_顔.png,0,180,180,180
顔絵_裸_通常_11,11_顔.png,0,180,180,180
顔絵_裸_通常_12,12_顔.png,0,180,180,180
顔絵_裸_通常_13,13_顔.png,0,180,180,180
顔絵_裸_通常_28,28_顔.png,0,180,180,180
顔絵_裸_通常_29,29_顔.png,0,180,180,180


;----------------------------------
;服_笑顔
;----------------------------------
顔絵_服_笑顔_1,1_顔.png,180,0,180,180
顔絵_服_笑顔_2,2_顔.png,180,0,180,180
顔絵_服_笑顔_3,3_顔.png,180,0,180,180
顔絵_服_笑顔_4,4_顔.png,180,0,180,180
顔絵_服_笑顔_5,5_顔.png,180,0,180,180
顔絵_服_笑顔_6,6_顔.png,180,0,180,180
;顔絵_服_笑顔_7,7_顔.png,180,0,180,180
顔絵_服_笑顔_8,8_顔.png,180,0,180,180
顔絵_服_笑顔_9,9_顔.png,180,0,180,180
顔絵_服_笑顔_10,10_顔.png,180,0,180,180
顔絵_服_笑顔_11,11_顔.png,180,0,180,180
顔絵_服_笑顔_12,12_顔.png,180,0,180,180
顔絵_服_笑顔_13,13_顔.png,180,0,180,180
顔絵_服_笑顔_28,28_顔.png,180,0,180,180
顔絵_服_笑顔_29,29_顔.png,180,0,180,180



;----------------------------------
;裸　笑顔
;----------------------------------
顔絵_裸_笑顔_1,1_顔.png,180,180,180,180
顔絵_裸_笑顔_2,2_顔.png,180,180,180,180
顔絵_裸_笑顔_3,3_顔.png,180,180,180,180
顔絵_裸_笑顔_4,4_顔.png,180,180,180,180
顔絵_裸_笑顔_5,5_顔.png,180,180,180,180
顔絵_裸_笑顔_6,6_顔.png,180,180,180,180
;顔絵_裸_笑顔_7,7_顔.png,180,180,180,180
顔絵_裸_笑顔_8,8_顔.png,180,180,180,180
顔絵_裸_笑顔_9,9_顔.png,180,180,180,180
顔絵_裸_笑顔_10,10_顔.png,180,180,180,180
顔絵_裸_笑顔_11,11_顔.png,180,180,180,180
顔絵_裸_笑顔_12,12_顔.png,180,180,180,180
顔絵_裸_笑顔_13,13_顔.png,180,180,180,180
顔絵_裸_笑顔_28,28_顔.png,180,180,180,180
顔絵_裸_笑顔_29,29_顔.png,180,180,180,180


;----------------------------------
;服_怒り
;----------------------------------
顔絵_服_怒り_1,1_顔.png,360,0,180,180
顔絵_服_怒り_2,2_顔.png,360,0,180,180
顔絵_服_怒り_3,3_顔.png,360,0,180,180
顔絵_服_怒り_4,4_顔.png,360,0,180,180
顔絵_服_怒り_5,5_顔.png,360,0,180,180
顔絵_服_怒り_6,6_顔.png,360,0,180,180
;顔絵_服_怒り_7,7_顔.png,360,0,180,180
顔絵_服_怒り_8,8_顔.png,360,0,180,180
顔絵_服_怒り_9,9_顔.png,360,0,180,180
顔絵_服_怒り_10,10_顔.png,360,0,180,180
顔絵_服_怒り_11,11_顔.png,360,0,180,180
顔絵_服_怒り_12,12_顔.png,360,0,180,180
顔絵_服_怒り_13,13_顔.png,360,0,180,180
顔絵_服_怒り_28,28_顔.png,360,0,180,180
顔絵_服_怒り_29,29_顔.png,360,0,180,180


;----------------------------------
;裸_怒り
;----------------------------------
顔絵_裸_怒り_1,1_顔.png,360,180,180,180
顔絵_裸_怒り_2,2_顔.png,360,180,180,180
顔絵_裸_怒り_3,3_顔.png,360,180,180,180
顔絵_裸_怒り_4,4_顔.png,360,180,180,180
顔絵_裸_怒り_5,5_顔.png,360,180,180,180
顔絵_裸_怒り_6,6_顔.png,360,180,180,180
;顔絵_裸_怒り_7,7_顔.png,360,180,180,180
顔絵_裸_怒り_8,8_顔.png,360,180,180,180
顔絵_裸_怒り_9,9_顔.png,360,180,180,180
顔絵_裸_怒り_10,10_顔.png,360,180,180,180
顔絵_裸_怒り_11,11_顔.png,360,180,180,180
顔絵_裸_怒り_12,12_顔.png,360,180,180,180
顔絵_裸_怒り_13,13_顔.png,360,180,180,180
顔絵_裸_怒り_28,28_顔.png,360,180,180,180
顔絵_裸_怒り_29,29_顔.png,360,180,180,180


;----------------------------------
;_照れ　上から重ねて表示
;----------------------------------
顔絵_照れ_1,1_顔.png,540,0,180,180
顔絵_照れ_2,2_顔.png,540,0,180,180
顔絵_照れ_3,3_顔.png,540,0,180,180
顔絵_照れ_4,4_顔.png,540,0,180,180
顔絵_照れ_5,5_顔.png,540,0,180,180
顔絵_照れ_6,6_顔.png,540,0,180,180
;顔絵_照れ_7,7_顔.png,540,0,180,180
顔絵_照れ_8,8_顔.png,540,0,180,180
顔絵_照れ_9,9_顔.png,540,0,180,180
顔絵_照れ_10,10_顔.png,540,0,180,180
顔絵_照れ_11,11_顔.png,540,0,180,180
顔絵_照れ_12,12_顔.png,540,0,180,180
顔絵_照れ_13,13_顔.png,540,0,180,180
顔絵_照れ_28,28_顔.png,540,0,180,180
顔絵_照れ_29,29_顔.png,540,0,180,180


;----------------------------------
;差分
;----------------------------------
;Cirno
顔絵_服_通常_8_1,8_顔_1.png,0,0,180,180
顔絵_裸_通常_8_1,8_顔_1.png,0,180,180,180
顔絵_服_笑顔_8_1,8_顔_1.png,180,0,180,180
顔絵_裸_笑顔_8_1,8_顔_1.png,180,180,180,180
顔絵_服_怒り_8_1,8_顔_1.png,360,0,180,180
顔絵_裸_怒り_8_1,8_顔_1.png,360,180,180,180
顔絵_照れ_8_1,8_顔_1.png,540,0,180,180

;レミリア
顔絵_服_通常_5_1,5_顔_1.png,0,0,180,180
顔絵_裸_通常_5_1,5_顔_1.png,0,180,180,180
顔絵_服_笑顔_5_1,5_顔_1.png,180,0,180,180
顔絵_裸_笑顔_5_1,5_顔_1.png,180,180,180,180
顔絵_服_怒り_5_1,5_顔_1.png,360,0,180,180
顔絵_裸_怒り_5_1,5_顔_1.png,360,180,180,180
顔絵_照れ_5_1,5_顔_1.png,540,0,180,180


