番号,,
名前,八云紫
呼び名,紫
基礎,体力,10000
基礎,气力,8000
基礎,勃起,1500
基礎,气氛,1500
基礎,理性,1000
基礎,怒意,1000
基礎,满足,10000
素質,性別,1
素質,NTR,1
素質,胆量,1
素質,自尊心,1
素質,性的兴趣,1
素質,难以越过的界线,1
素質,贞操,1
素質,痛觉,-1
素質,濡湿度,1
素質,习得速度,1
素質,手指灵巧,1
素質,舌头灵巧,1
素質,献身的,1
素質,快感应答,1
素質,淫唇,1
素質,淫乳,1
素質,淫核,1
素質,淫壶,1
素質,淫肛,1
素質,施虐狂,1
素質,魅力,1
素質,体型,1
素質,Ｃ感度,2
素質,Ｖ感度,2
素質,Ａ感度,2
素質,Ｂ感度,2
素質,Ｍ感度,2
素質,胸部尺寸,1
素質,小穴穹隆后移,2
素質,小穴扩张状态,2
素質,恢复速度,1
素質,禁断的知识,1
素質,浮気的蜜唇,1
素質,浮気的蜜壶,1
素質,浮気的菊花,1
素質,被访问者抓到把柄,1
素質,妖怪,1
能力,Ｃ感觉,51
能力,Ｖ感觉,45
能力,Ａ感觉,27
能力,Ｂ感觉,36
能力,Ｍ感觉,28
能力,欲望,67
能力,技巧,31
能力,话术技能,10
能力,战斗技能,50
能力,教养,10
能力,指,40
能力,舌,33
能力,胸,46
能力,腰,58
能力,膣,47
能力,菊花,31
経験,浮気Ｃ经验,1200
経験,浮気Ｖ经验,2800
経験,浮気Ａ经验,850
経験,浮気Ｂ经验,1400
経験,浮気Ｍ经验,3200
経験,浮気Ｃ绝顶经验,800
経験,浮気Ｖ绝顶经验,1400
経験,浮気Ａ绝顶经验,400
経験,浮気Ｂ绝顶经验,450
経験,浮気Ｍ绝顶经验,800
経験,浮気绝顶经验,3850
経験,浮気精液经验,2400
経験,浮気精饮经验,1000
経験,浮気Ｖ性交经验,600
経験,浮気Ａ性交经验,80
経験,浮気调教自慰经验,50
経験,浮気手淫经验,400
経験,浮気口淫经验,350
経験,浮気乳交经验,320
経験,浮気接吻经验,2850

フラグ,服装パターン,
フラグ,開始位置,
フラグ,行動パターン,
フラグ,口上パターン,
フラグ,寝間着,
フラグ,V累积内射,237654
フラグ,A累积内射,38021
フラグ,M累积内射,16071
フラグ,浮気V累积内射,237654
フラグ,浮気A累积内射,38021
フラグ,浮気M累积内射,16071
フラグ,处女丧失对象_V,998
フラグ,处女丧失对象_A,998
フラグ,处女丧失对象_M,998
フラグ,初吻对象,998

相性,11,200;灵梦
;相性,,120;萃香
;相性,,120;藍
;相性,,50;映姫
;相性,,80;天子
;相性,,150;幽幽子

CSTR,简介,～神隐的主犯～　●種族：妖怪　●能力：操操縱境界的能力

;CSTR,工作情報,管理結界　冬之月　30日　女子会　第2日曜
;CSTR,職場,博麗神社本殿　人間之里居酒屋(18～21時)