0,射精対象フラグ
;,0=TARGET
;,1=PLAYER
;,2=MASTER
;,3=ASSI
2,射精箇所フラグ
;,避孕套
;, 1=膣内
;, 2=菊花
;, 3=手淫
;, 4=口淫
;, 5=乳交
;, 6=素股
;, 7=足交
;, 8=体表
;, 9=舔肛侍奉
;,10=道具
;,11=触手
3,避孕套
4,射精快感強度
9,お扫除フラグ
10,射精したフラグ
11,射精した箇所フラグ
12,
13,避孕套
15,破瓜
20,カウンター行動
21,カウンター行動の派生
22,下半身脱衣行動
23,TARGET自身の下半身脱衣行動
24,上半身脱衣行動
25,TARGET自身の上半身脱衣行動
26,マスターカウンター制御
27,TARGET体制変更用
30,カウンター行動決定フラグ


40,苦痛刻印取得
41,快乐刻印取得
42,屈服刻印取得
43,反発刻印取得
44,反発刻印取得抑制
45,浮気快乐刻印取得
46,浮気屈服刻印取得


50,口上出力用射精箇所
60,表示カット
100,V挿入管理フラグ
101,A挿入管理フラグ
102,Vに中出しされたフラグ
103,Vに中出ししたキャラの番号
104,Aに中出しされたフラグ
105,Aに中出ししたキャラの番号
106,快楽強度
107,イきそう
108,チェックトリガー
110,直前のターンの射精したフラグ
111,直前のターンの射精した箇所フラグ

115,勃起判定
116,行為者
120,体勢
121,体勢制御
122,位置関係
123,位置関係制御

130,亲密程度

300,飲茶日時
301,会话累積値
302,会话不能
303,身体接触
304,吃饭内容
305,調理日時
306,料理鮮度

310,膀胱内尿量
311,前回排尿日時
312,水分過剰摂取量
313,大腸内便量
314,前回排便日時
315,食物繊維摂取量

;快感経験,
400,Ｃ经验
401,Ｖ经验
402,Ａ经验
403,Ｂ经验
404,Ｍ经验

405,Ｃ绝顶经验
406,Ｖ绝顶经验
407,Ａ绝顶经验
408,Ｂ绝顶经验
409,Ｍ绝顶经验

;绝顶经验,
410,绝顶经验
411,射精经验
412,喷乳经验
413,放尿经验
414,精液经验
415,精饮经验
416,排便经验

;行動経験,
420,Ｖ性交经验
421,Ａ性交经验
422,自慰经验
423,调教自慰经验
424,手淫经验
425,口淫经验
426,乳交经验
427,接吻经验
428,道具使用经验

;催眠経験,
431,催眠精液经验
432,催眠精饮经验
433,催眠Ｖ性交经验
434,催眠Ａ性交经验
435,催眠口淫经验
436,催眠乳交经验
437,催眠接吻经验
438,催眠搾乳经验

;精神経験,
440,侍奉快乐经验
441,爱情经验
442,苦痛快乐经验
443,嗜虐快乐经验
444,露出快乐经验

;调教经验,
450,调教经验
451,百合经验
452,搞基经验
453,异常经验
454,Ｖ扩张经验
455,Ａ扩张经验
456,紧缚经验
460,被强奸经验
461,被轮奸经验
462,被睡奸经验

;その他,
470,清扫经验
471,会话经验
472,摄影经验
473,照相经验
474,战斗经验
475,学习经验
476,料理经验
477,情色经验

;浮気経験,
480,浮気Ｃ经验
481,浮気Ｖ经验
482,浮気Ａ经验
483,浮気Ｂ经验
484,浮気Ｍ经验
485,浮気Ｃ绝顶经验
486,浮気Ｖ绝顶经验
487,浮気Ａ绝顶经验
488,浮気Ｂ绝顶经验
489,浮気Ｍ绝顶经验
490,浮気绝顶经验
491,浮気精液经验
492,浮気精饮经验
493,浮気Ｖ性交经验
494,浮気Ａ性交经验
495,浮気调教自慰经验
496,浮気手淫经验
497,浮気口淫经验
498,浮気乳交经验
499,浮気接吻经验
500,
501,
502,
503,
504,
505,
506,
507,
508,浮気侍奉快乐经验
509,浮気爱情经验
510,浮気苦痛快乐经验
511,浮気嗜虐快乐经验
512,浮気露出快乐经验
513,浮気调教经验
514,浮気异常经验
515,浮気Ｖ扩张经验
516,浮気Ａ扩张经验
517,浮気紧缚经验
518,浮気照相经验
519,浮気情色经验
520,浮気外泊经验
521,NTR陷落经验

523,卖春经验
524,买春经验
525,浮気人数
526,前回浮気人数
527,经验人数
