番号,4,
名前,十六夜咲夜
呼び名,咲夜,
基礎,体力,2000
基礎,气力,1200
基礎,勃起,1500
基礎,气氛,1500
基礎,理性,1000
基礎,怒意,1000
基礎,满足,1000
素質,性別,1
素質,胆量,1
素質,自尊心,1
素質,自制心
素質,贞操,-1
素質,痛觉,-1
素質,献身的
素質,容易中毒
素質,倒错的
素質,施虐狂
素質,Ｖ感度,-1
素質,扫除系,1
素質,人类,1
素質,追加種族,3
能力,Ｖ感觉,1
能力,技巧,2
能力,侍奉精神,2
能力,抖Ｍ之气,1
能力,抖Ｓ之气,2
能力,百合之气,3
能力,清扫技能,3
能力,战斗技能,3
能力,料理技能,3
経験,Ｖ经验,100
経験,绝顶经验,2
経験,口淫经验,25
経験,异常经验,1
経験,紧缚经验,20
経験,清扫经验,200
経験,料理经验,200
フラグ,服装パターン,104;服装
フラグ,館内地位,500;地位
フラグ,開始位置,13;開始位置
フラグ,行動パターン,4;行動パターン
フラグ,口上パターン,4;口上パターン
フラグ,寝間着,5;寝間着
相性,1,130
相性,5,200
CSTR,简介,～完美而瀟洒的女僕～　●種族：人类　●能力：操纵时间程度的能力
