番号,3,
名前,パチュリー・ノーレッジ,
呼び名,パチュリー,
基礎,0,1300;体力の最大値
基礎,1,2000;気力の最大値
基礎,5,1500;勃起の最大値
基礎,10,1500;ムードの初期値
基礎,11,1000;理性の初期値
基礎,12,1000;怒りの最大値
基礎,13,1000;満足の最大値(これを小さくすると押し倒されたとき離してくれない)
;素質,0,1;処女(1=生娘,2=再生処女){経験,1を消去推奨}
素質,2,1;所有性器(1=女性器,2=男性器,3=両方)
素質,12,-1;応答(-1=大人しい,1=生意気)
素質,21;無関心
素質,23,-1;性的興味(-1=保守的,1=好奇心)
素質,40,-1;痛覚(-1=強い,1=弱い)
素質,41,1;濡れやすさ(-1=濡れにくい,1=濡れやすい)
素質,50,1;習得(-1=遅い,1=早い)
素質,52;舌使い
素質,55;調合知識
素質,101,1;Ｃ(-1=鈍感,1=敏感)
素質,102,1;Ｖ(-1=鈍感,1=敏感)
素質,103,1;Ａ(-1=鈍感,1=敏感)
素質,104,1;Ｂ(-1=鈍感,1=敏感)
;素質,105,0;おっぱい(-2=絶壁,-1=貧乳,0=並乳,1=巨乳,2=爆乳)
素質,130,-1;回復(-1=遅い,1=早い)
能力,0,2;Ｃ感覚
能力,10,1;従順
能力,17,3;レズっ気
能力,42,4;戦闘能力
経験,1,5;Ｖ経験{生娘なら消去推奨}
経験,2,1;Ａ経験
経験,10,5;絶頂経験
経験,51,100;レズ経験
経験,53,2;異常経験
;経験,75,200;学習経験
;経験,76,20;料理経験
フラグ,7,103;服装
フラグ,310,700;地位
フラグ,311,7;開始位置
フラグ,298,3;行動パターン
フラグ,297,3;口上パターン
フラグ,360,8;寝間着
フラグ,997,127;R値
フラグ,998,56;G値
フラグ,999,255;B値
相性,2,110;小悪魔
相性,5,150;レミリア

;付けそうな素質(一部上にあり)
;素質,1,0;童貞(1=膣で喪失,2=＊で喪失)
;素質,10,-1;度胸(-1=臆病,1=気丈)
;素質,11,-1;態度(-1=素直,1=反抗的)
;素質,22;感情乏しい
;素質,30,-1;貞操(-1=貞操無頓着,1=貞操観念)
;素質,33,-1;羞恥心(-1=恥薄い,1=恥じらい)
;素質,51;器用な指先
;素質,57;お漏らし癖
;素質,60;自慰しやすい
;素質,62;献身的
;素質,70,-1;快感応答(-1=快楽の否定,1=快感に素直)
;素質,71;中毒しやすい
;素質,81,0;性的嗜好(-1=両刀,1=男嫌い,2=女嫌い,3=人間不信)
;素質,82;サド
;素質,83;マゾ
;素質,155;母性