;----------------------------------------------------------
0,衣服着用
;,,0:服を着ている
;,,1:服を着ていない
;----------------------------------------------------------
1,アクセサリ
;,,衣装_アクセサリ_結婚指輪:結婚指輪
;,,衣装_アクセサリ_チョーカー:チョーカー
;,,衣装_アクセサリ_首輪:首輪
;----------------------------------------------------------
2,帽子
;,,1:帽子 いわゆるZUN帽
;,,2:ヘッドドレス
;,,3:リボン
;,,4:猫耳
;,,5:うさ耳
;,,6:犬耳
;,,7:牛耳
;,,8:頭巾
;,,9:カチューシャ
;----------------------------------------------------------
3,靴
;,,1:靴
;,,2:草履
;,,3:ブーツ
;,,4:スリッパ
;----------------------------------------------------------
4,靴下
;,,1:靴下
;,,2:ハイソックス
;,,3:ニーソックス
;,,4:ストッキング
;,,5:足袋
;,,6:ガーターストッキング
;----------------------------------------------------------
5,下半身下着１,;ずらし不可
;,,1:貞操帯
;,,2:絆創膏
;----------------------------------------------------------
6,下半身下着２,;ずらし可
;,,101:トランクス
;,,102:ブリーフ
;,,103:ボクサーパンツ
;,,104:ビキニパンツ
;,,105:ビキニパンツ(マイクロ)
;,,106:牛ビキニパンツ
;,,他:CLOTHES.ERBのPANTSNAME参照
;----------------------------------------------------------
7,下半身上着１,;ずらし不可
;,,1:ズボン
;,,2:スパッツ
;,,3:袴
;,,4:
;----------------------------------------------------------
8,下半身上着２,;ずらし可
;,,1:半ズボン
;,,2:ブルマ
;,,3:ホットパンツ
;,,4:ボンデージパンツ
;----------------------------------------------------------
9,スカート
;,,1:ミニスカート
;,,2:スカート
;,,3:ロングスカート
;,,4:タイトスカート
;,,5:裳(も)
;----------------------------------------------------------
10,上半身下着１,;はだけ不可
;,,1:
;,,2:ニプレス
;,,3:
;,,4:
;,,5:
;----------------------------------------------------------
11,上半身下着２,;はだけ可
;,,1:ブラジャー
;,,2:スポーツブラ
;,,3:ヌーブラ
;,,4:トップレスブラ
;,,5:サラシ
;,,6;ビキニ
;,,7;ビキニ(マイクロ)
;,,8;インナー
;,,9;牛ビキニ
;----------------------------------------------------------
12,上半身上着１,;はだけ不可
;,,1:上着
;,,2:鎧
;,,3:軍服
;,,4:紳士服
;----------------------------------------------------------
13,上半身上着２,;はだけ可
;,,1:ブラウス
;,,2:セーラー服
;,,3:ブレザー
;,,4:ワイシャツ
;,,5:学ラン
;,,6:白装束
;,,7:パジャマ
;,,8:Ｔシャツ
;,,9:タンクトップ
;,,10:巫女服
;,,11:縦セタ
;,,12:チア
;,,13:コート
;,,14:ボンデージ
;,,15:ナース服
;,,16:婦警
;,,17:魔法少女の服
;,,18:博麗巫女服
;,,19:サンタコス
;,,20:穴あきタートルネック
;,,21:園児服
;,,22:ケープ
;----------------------------------------------------------
14,ボディースーツ
;,,1:ボディースーツ
;,,2:
;,,3:
;,,4:
;----------------------------------------------------------
15,ワンピース
;,,1:ワンピース
;,,2:チャイナ服
;,,3:ネグリジェ
;,,4:ベビードール
;,,5:エプロン
;,,6:ポンチョ
;,,7:修道服
;,,8:魔女のドレス
;----------------------------------------------------------
16,着物
;,,1:着物
;,,2:寝巻
;,,3:
;,,4:
;----------------------------------------------------------
17,レオタード
;,,1:スクール水着
;,,2:レオタード
;,,3:忍装束
;,,4:スリングショット
;,,5:触手服
;,,6:競泳水着
;,,7:レースクイーン
;,,8:リンコス
;----------------------------------------------------------
18,手
;,,1:軍手
;,,2:ゴム手袋
;,,3:白手袋
;,,4:革手袋
;,,5:指貫グローブ
;,,6:オペラグローブ
;,,7:忍篭手
;,,8:ミトン
