;快感経験
0,Ｃ経験
1,Ｖ経験
2,Ａ経験
3,Ｂ経験

5,Ｃ絶頂経験
6,Ｖ絶頂経験
7,Ａ絶頂経験
8,Ｂ絶頂経験

;絶頂経験
10,絶頂経験
11,射精経験
12,噴乳経験
13,放尿経験
14,精液経験
15,精飲経験
16,排便経験

;行動経験
20,Ｖ性交経験
21,Ａ性交経験
22,自慰経験
23,調教自慰経験
24,手淫経験
25,口淫経験
26,パイズリ経験
27,キス経験
28,道具使用経験

;催眠経験
31,催眠精液経験
32,催眠精飲経験
33,催眠Ｖ性交経験
34,催眠Ａ性交経験
35,催眠口淫経験
36,催眠キス経験
37,催眠搾乳経験

;精神経験
40,奉仕快楽経験
41,愛情経験
42,苦痛快楽経験
43,嗜虐快楽経験
44,露出快楽経験

;調教経験
50,調教経験
51,レズ経験
52,ゲイ経験
53,異常経験
54,Ｖ拡張経験
55,Ａ拡張経験
56,緊縛経験
60,被強姦経験
61,被輪姦経験
62,被睡姦経験

;その他
70,清掃経験
71,会話経験
72,撮影経験
73,被写経験
74,戦闘経験
75,学習経験
76,料理経験
77,ポルノ経験

;浮気経験
80,浮気絶頂経験
81,浮気精液経験
82,浮気精飲経験
83,浮気Ｖ性交経験
84,浮気Ａ性交経験
85,浮気口淫経験
86,浮気キス経験
87,浮気外泊経験
88,NTR陥落経験
89,公衆便所陥落経験
90,売春経験
91,買春経験
92,浮気人数
93,前回浮気人数


