;0番台,０．愛撫系コマンド
0,愛撫
1,クンニ
2,フェラする
3,指挿れ
4,アナル舐め
5,アナル愛撫
6,胸愛撫
7,乳首責め
8,秘貝開帳
9,自慰
10,乳首吸い
11,乳首吸わせ

;20番台,１．コミュニケーション系コマンド
20,キスする
21,何もしない

;40番台,２．道具使用コマンド
40,ローター
41,Ｅマッサージャ
42,クリキャップ
;43,オナホール
44,バイブ
45,アナルバイブ
46,アナルビーズ
47,ニプルキャップ
48,搾乳機

60,正常位
61,後背位
62,正常位アナル
63,後背位アナル
64,逆レイプ
65,騎乗位
66,騎乗位アナル
67,対面座位
68,背面座位
69,対面座位アナル
70,背面座位アナル
71,二穴挿し
72,二穴挿しされる

80,手淫
81,フェラチオ
82,パイズリ
83,素股
84,泡踊り
85,足コキ

90,アナル愛撫される
91,アナル舐めされる
92,Ａ正常位される
93,Ａ後背位される
94,Ａ騎乗位する
95,愛撫される
96,クンニされる
97,正常位される
98,後背位される
99,騎乗位する

100,スパンキング
101,鞭
102,蝋燭
103,針
104,アイマスク
105,縄

120,クンニ強制
121,貝合わせ
;122,助手を犯させる
123,足コキする

126,乳の揉み合い

140,イラマチオ
141,フィストファック
142,アナルフィスト
143,両穴フィスト
144,放尿
145,アナル奉仕
146,浣腸
147,拡張バルーン
148,アナル電極
149, 膣鏡

160,膣内観察

180,ローション
181,媚薬
182,利尿剤
183,ビデオ撮影
;184,野外プレイ
;185,助手を犯す
;186,羞恥プレイ
;187,お風呂場プレイ
188,シャワー
189,新妻プレイ

200,上半身上着脱衣
201,下半身上着脱衣
202,上半身下着脱衣
203,下半身下着脱衣

300,会話
301,お茶を淹れる
302,スキンシップ
310,尻を撫でる
311,抱き付く
312,キスする
313,胸愛撫
314,アナル愛撫
315,クリ愛撫
316,指挿れ

350,押し倒す
351,連れ出す/離れる
352,告白する
;353,許しを乞う
354,邪魔しない
355,なすがまま

360,なすがまま
361,もがく
362,逃げる

400,移動
401,コレクション
402,就寝
403,休憩
404,覗く
405,においを嗅ぐ
410,掃除
411,戦闘訓練
412,勉強
413,料理
414,食事
415,食事をふるまう
416,自慰する
417,撃破する
418,鍵を購入する
419,貞操帯を外して

;420〜429 妖精メイド関連
420,妖精メイドと話す
;421,妖精メイドを教育する
;422,妖精メイドを解雇する
;423,妖精メイドの能力表示
429,妖精を探す

430,着替える
446,撮影

450,カメラ設置
451,カメラ撤去
452,映像確認

460,会話
461,脱走する
462,何もしない
463,訪問者を誘う
464,訪問者を案内する
465,訪問者と別行動する
466,うろつく
467,訪問者と添い寝

490,外出する

;501,シックスナイン
;502,岩清水
;503,Gスポット刺激
;504,乱れ牡丹
;505,手淫フェラ
;506,挿入Ｇスポット責め
;507,挿入子宮口責め
;508,６９パイズリ
;509,ダブルフェラ
;510,ダブル素股
;511,ダブルパイズリ
;512,パイズリフェラ
;513,交互挿入
;514,母乳吸い
;515,授乳する
600,愛撫
;601,クンニ
602,セルフフェラ
603,指挿れ
;604,アナル舐め
605,アナル愛撫
606,胸愛撫
607,乳首責め
608,秘貝開帳
609,手淫

640,ローター
641,Eマッサージャ
642,クリキャップ
643,オナホール
644,バイブ
645,アナルバイブ
646,アナルビーズ
647,ニプルキャップ
648,搾乳機

